{"\rpuppet\nPUPPET_WECHAT":[{"name":"last_wxuin","value":"1465641151","domain":"wx2.qq.com","path":"/","expires":1630258958,"size":20,"httpOnly":false,"secure":true,"session":false,"sameParty":false},{"name":"webwx_data_ticket","value":"gSdBd9jx+uIe2w+nMHgro1HP","domain":".qq.com","path":"/","expires":1630296152,"size":41,"httpOnly":false,"secure":true,"session":false,"sameParty":false},{"name":"wxsid","value":"0T5Nr9tWwVRxzmTT","domain":".wx2.qq.com","path":"/","expires":1630296152,"size":21,"httpOnly":false,"secure":true,"session":false,"sameParty":false},{"name":"webwx_auth_ticket","value":"CIsBEI3ezMcIGoAB8ppd2PCSzHwakBMuBw28Thb86CK8c6oMwPTqyI/CBbbk048CaJDHp7Td2Q7RlXzhp+SI4bzekvMBJi/ndzThEk1c46rcS32I+hl0C9Js/d7A1Wcs3DD/QuMgj5ZEmSsMq5gt5bkO3fX9F2DiCjsjhFQ7HijltbyymNf76FDo5iY=","domain":".wx2.qq.com","path":"/","expires":1945446158,"size":205,"httpOnly":false,"secure":true,"session":false,"sameParty":false},{"name":"wxpluginkey","value":"1630240352","domain":".wx2.qq.com","path":"/","expires":1630296152,"size":21,"httpOnly":false,"secure":true,"session":false,"sameParty":false},{"name":"MM_WX_NOTIFY_STATE","value":"1","domain":"wx2.qq.com","path":"/","expires":-1,"size":19,"httpOnly":false,"secure":false,"session":true,"sameParty":false},{"name":"MM_WX_SOUND_STATE","value":"1","domain":"wx2.qq.com","path":"/","expires":-1,"size":18,"httpOnly":false,"secure":false,"session":true,"sameParty":false},{"name":"wxuin","value":"1465641151","domain":".wx2.qq.com","path":"/","expires":1630512152,"size":15,"httpOnly":false,"secure":true,"session":false,"sameParty":false},{"name":"login_frequency","value":"2","domain":"wx2.qq.com","path":"/","expires":1630258958,"size":16,"httpOnly":false,"secure":true,"session":false,"sameParty":false},{"name":"webwxuvid","value":"1daee4ce979f46ca328ec86bb4ef019ba8868e22e64ad35f4f048d0f53367e57d164902fbb492545f9a354b2894e3091","domain":".wx2.qq.com","path":"/","expires":1945412251,"size":105,"httpOnly":false,"secure":true,"session":false,"sameParty":false}]}