{"\rpuppet\nPUPPET_WECHAT":[{"name":"webwxuvid","value":"1daee4ce979f46ca328ec86bb4ef019ba8868e22e64ad35f4f048d0f53367e57d164902fbb492545f9a354b2894e3091","domain":".wx2.qq.com","path":"/","expires":1945412251,"size":105,"httpOnly":false,"secure":true,"session":false,"sameParty":false},{"name":"wxuin","value":"1465641151","domain":".wx2.qq.com","path":"/","expires":1630577738,"size":15,"httpOnly":false,"secure":true,"session":false,"sameParty":false},{"name":"MM_WX_SOUND_STATE","value":"1","domain":"wx2.qq.com","path":"/","expires":-1,"size":18,"httpOnly":false,"secure":false,"session":true,"sameParty":false},{"name":"MM_WX_NOTIFY_STATE","value":"1","domain":"wx2.qq.com","path":"/","expires":-1,"size":19,"httpOnly":false,"secure":false,"session":true,"sameParty":false},{"name":"wxpluginkey","value":"1630308087","domain":".wx2.qq.com","path":"/","expires":1630361738,"size":21,"httpOnly":false,"secure":true,"session":false,"sameParty":false},{"name":"mm_lang","value":"en_US","domain":".wx2.qq.com","path":"/","expires":1630361736,"size":12,"httpOnly":false,"secure":true,"session":false,"sameParty":false},{"name":"webwx_auth_ticket","value":"CIsBEIPbrIoHGoABGQqwze90O834Fbg5ExZ27Rb86CK8c6oMwPTqyI/CBbbk048CaJDHp7Td2Q7RlXzhp+SI4bzekvMBJi/ndzThEk1c46rcS32I+hl0C9Js/d7A1Wcs3DD/QuMgj5ZEmSsMsvFibSbvGjLiZ2a2XFlaf+2mg3V/1ztwYUnEZgfhOdE=","domain":".wx2.qq.com","path":"/","expires":1945678112,"size":205,"httpOnly":false,"secure":true,"session":false,"sameParty":false},{"name":"wxsid","value":"VAedzTqMTDPa50IC","domain":".wx2.qq.com","path":"/","expires":1630361738,"size":21,"httpOnly":false,"secure":true,"session":false,"sameParty":false},{"name":"webwx_data_ticket","value":"gSefaJa8X+ypR98D60h0KkiU","domain":".qq.com","path":"/","expires":1630361738,"size":41,"httpOnly":false,"secure":true,"session":false,"sameParty":false},{"name":"last_wxuin","value":"1465641151","domain":"wx2.qq.com","path":"/","expires":1630490912,"size":20,"httpOnly":false,"secure":true,"session":false,"sameParty":false},{"name":"wxloadtime","value":"1630318112_expired","domain":".wx2.qq.com","path":"/","expires":1630361503,"size":28,"httpOnly":false,"secure":true,"session":false,"sameParty":false},{"name":"login_frequency","value":"2","domain":"wx2.qq.com","path":"/","expires":1630490912,"size":16,"httpOnly":false,"secure":true,"session":false,"sameParty":false}]}